{"cameraMode":{"drawMode":0,"name":"Shaded","section":"Shading Mode"},"sceneLighting":true,"audioPlay":false,"sceneViewState":{"showFog":true,"showMaterialUpdate":false,"showSkybox":true,"showFlares":true,"showImageEffects":true,"showParticleSystems":true},"in2DMode":false,"pivot":{"x":-3.757228374481201,"y":-0.3429107666015625,"z":2.944719076156616},"rotation":{"x":-0.32644298672676089,"y":-0.1752208024263382,"z":0.05879070609807968,"w":-0.9269924759864807},"size":8.989320755004883,"orthographic":false}