{"cameraMode":{"drawMode":0,"name":"Shaded","section":"Shading Mode"},"sceneLighting":true,"audioPlay":false,"sceneViewState":{"showFog":true,"showMaterialUpdate":false,"showSkybox":true,"showFlares":true,"showImageEffects":true,"showParticleSystems":true},"in2DMode":false,"pivot":{"x":-1.932176113128662,"y":0.17135702073574067,"z":-1.362658977508545},"rotation":{"x":0.23432065546512605,"y":-0.39948517084121706,"z":0.10949397087097168,"w":0.8795797824859619},"size":8.946049690246582,"orthographic":false}